"","LabelCols"
"1","#050604"
"2","#050604"
"3","#050604"
"4","#050604"
"5","#050604"
"6","#050604"
"7","#050604"
"8","#050604"
"9","#050604"
"10","#050604"
"11","#050604"
"12","#050604"
"13","#050604"
"14","#050604"
"15","#050604"
"16","#050604"
"17","#050604"
"18","#050604"
"19","#050604"
"20","#050604"
"21","#050604"
"22","#050604"
"23","#050604"
"24","#050604"
"25","#050604"
"26","#050604"
"27","#050604"
"28","#050604"
"29","#050604"
"30","#050604"
"31","#050604"
"32","#050604"
"33","#050604"
"34","#050604"
"35","#050604"
"36","#050604"
"37","#050604"
"38","#050604"
"39","#050604"
"40","#050604"
"41","#050604"
"42","#050604"
"43","#050604"
"44","#050604"
"45","#050604"
"46","#050604"
"47","#050604"
"48","#050604"
"49","#050604"
"50","#050604"
"51","#0a0c03"
"52","#0a0c03"
"53","#0a0c03"
"54","#0a0c03"
"55","#0a0c03"
"56","#0a0c03"
"57","#0a0c03"
"58","#0a0c03"
"59","#0a0c03"
"60","#0a0c03"
"61","#0a0c03"
"62","#0a0c03"
"63","#0a0c03"
"64","#0a0c03"
"65","#0a0c03"
"66","#0a0c03"
"67","#0a0c03"
"68","#0a0c03"
"69","#0a0c03"
"70","#0a0c03"
"71","#0a0c03"
"72","#0a0c03"
"73","#0a0c03"
"74","#0a0c03"
"75","#0a0c03"
"76","#0a0c03"
"77","#0a0c03"
"78","#0a0c03"
"79","#0a0c03"
"80","#0a0c03"
"81","#0a0c03"
"82","#0a0c03"
"83","#0a0c03"
"84","#0a0c03"
"85","#0a0c03"
"86","#0a0c03"
"87","#0a0c03"
"88","#0a0c03"
"89","#0a0c03"
"90","#0a0c03"
"91","#0a0c03"
"92","#0a0c03"
"93","#0a0c03"
"94","#0a0c03"
"95","#0a0c03"
"96","#0a0c03"
"97","#0a0c03"
"98","#0a0c03"
"99","#0a0c03"
"100","#0a0c03"
"101","#5052d3"
"102","#5052d3"
"103","#5052d3"
"104","#5052d3"
"105","#5052d3"
"106","#5052d3"
"107","#5052d3"
"108","#5052d3"
"109","#5052d3"
"110","#5052d3"
"111","#5052d3"
"112","#5052d3"
"113","#5052d3"
"114","#5052d3"
"115","#5052d3"
"116","#5052d3"
"117","#5052d3"
"118","#5052d3"
"119","#5052d3"
"120","#5052d3"
"121","#5052d3"
"122","#5052d3"
"123","#5052d3"
"124","#5052d3"
"125","#5052d3"
"126","#5052d3"
"127","#5052d3"
"128","#5052d3"
"129","#5052d3"
"130","#5052d3"
"131","#5052d3"
"132","#5052d3"
"133","#5052d3"
"134","#5052d3"
"135","#5052d3"
"136","#5052d3"
"137","#5052d3"
"138","#5052d3"
"139","#5052d3"
"140","#5052d3"
"141","#5052d3"
"142","#5052d3"
"143","#5052d3"
"144","#5052d3"
"145","#5052d3"
"146","#5052d3"
"147","#5052d3"
"148","#5052d3"
"149","#5052d3"
"150","#5052d3"
"151","#3b2116"
"152","#3b2116"
"153","#3b2116"
"154","#3b2116"
"155","#3b2116"
"156","#3b2116"
"157","#3b2116"
"158","#3b2116"
"159","#3b2116"
"160","#3b2116"
"161","#3b2116"
"162","#3b2116"
"163","#3b2116"
"164","#3b2116"
"165","#3b2116"
"166","#3b2116"
"167","#3b2116"
"168","#3b2116"
"169","#3b2116"
"170","#3b2116"
"171","#3b2116"
"172","#3b2116"
"173","#3b2116"
"174","#3b2116"
"175","#3b2116"
"176","#3b2116"
"177","#3b2116"
"178","#3b2116"
"179","#3b2116"
"180","#3b2116"
"181","#3b2116"
"182","#3b2116"
"183","#3b2116"
"184","#3b2116"
"185","#3b2116"
"186","#3b2116"
"187","#3b2116"
"188","#3b2116"
"189","#3b2116"
"190","#3b2116"
"191","#3b2116"
"192","#3b2116"
"193","#3b2116"
"194","#3b2116"
"195","#3b2116"
"196","#3b2116"
"197","#3b2116"
"198","#3b2116"
"199","#3b2116"
"200","#3b2116"
"201","#0e0e0b"
"202","#0e0e0b"
"203","#0e0e0b"
"204","#0e0e0b"
"205","#0e0e0b"
"206","#0e0e0b"
"207","#0e0e0b"
"208","#0e0e0b"
"209","#0e0e0b"
"210","#0e0e0b"
"211","#0e0e0b"
"212","#0e0e0b"
"213","#0e0e0b"
"214","#0e0e0b"
"215","#0e0e0b"
"216","#0e0e0b"
"217","#0e0e0b"
"218","#0e0e0b"
"219","#0e0e0b"
"220","#0e0e0b"
"221","#0e0e0b"
"222","#0e0e0b"
"223","#0e0e0b"
"224","#0e0e0b"
"225","#0e0e0b"
"226","#0e0e0b"
"227","#0e0e0b"
"228","#0e0e0b"
"229","#0e0e0b"
"230","#0e0e0b"
"231","#0e0e0b"
"232","#0e0e0b"
"233","#0e0e0b"
"234","#0e0e0b"
"235","#0e0e0b"
"236","#0e0e0b"
"237","#0e0e0b"
"238","#0e0e0b"
"239","#0e0e0b"
"240","#0e0e0b"
"241","#0e0e0b"
"242","#0e0e0b"
"243","#0e0e0b"
"244","#0e0e0b"
"245","#0e0e0b"
"246","#0e0e0b"
"247","#0e0e0b"
"248","#0e0e0b"
"249","#0e0e0b"
"250","#0e0e0b"
"251","#1c5448"
"252","#1c5448"
"253","#1c5448"
"254","#1c5448"
"255","#1c5448"
"256","#1c5448"
"257","#1c5448"
"258","#1c5448"
"259","#1c5448"
"260","#1c5448"
"261","#1c5448"
"262","#1c5448"
"263","#1c5448"
"264","#1c5448"
"265","#1c5448"
"266","#1c5448"
"267","#1c5448"
"268","#1c5448"
"269","#1c5448"
"270","#1c5448"
"271","#1c5448"
"272","#1c5448"
"273","#1c5448"
"274","#1c5448"
"275","#1c5448"
"276","#1c5448"
"277","#1c5448"
"278","#1c5448"
"279","#1c5448"
"280","#1c5448"
"281","#1c5448"
"282","#1c5448"
"283","#1c5448"
"284","#1c5448"
"285","#1c5448"
"286","#1c5448"
"287","#1c5448"
"288","#1c5448"
"289","#1c5448"
"290","#1c5448"
"291","#1c5448"
"292","#1c5448"
"293","#1c5448"
"294","#1c5448"
"295","#1c5448"
"296","#1c5448"
"297","#1c5448"
"298","#1c5448"
"299","#1c5448"
"300","#1c5448"
"301","#141f1b"
"302","#141f1b"
"303","#141f1b"
"304","#141f1b"
"305","#141f1b"
"306","#141f1b"
"307","#141f1b"
"308","#141f1b"
"309","#141f1b"
"310","#141f1b"
"311","#141f1b"
"312","#141f1b"
"313","#141f1b"
"314","#141f1b"
"315","#141f1b"
"316","#141f1b"
"317","#141f1b"
"318","#141f1b"
"319","#141f1b"
"320","#141f1b"
"321","#141f1b"
"322","#141f1b"
"323","#141f1b"
"324","#141f1b"
"325","#141f1b"
"326","#141f1b"
"327","#141f1b"
"328","#141f1b"
"329","#141f1b"
"330","#141f1b"
"331","#141f1b"
"332","#141f1b"
"333","#141f1b"
"334","#141f1b"
"335","#141f1b"
"336","#141f1b"
"337","#141f1b"
"338","#141f1b"
"339","#141f1b"
"340","#141f1b"
"341","#141f1b"
"342","#141f1b"
"343","#141f1b"
"344","#141f1b"
"345","#141f1b"
"346","#141f1b"
"347","#141f1b"
"348","#141f1b"
"349","#141f1b"
"350","#141f1b"
"351","#9d08d4"
"352","#9d08d4"
"353","#9d08d4"
"354","#9d08d4"
"355","#9d08d4"
"356","#9d08d4"
"357","#9d08d4"
"358","#9d08d4"
"359","#9d08d4"
"360","#9d08d4"
"361","#9d08d4"
"362","#9d08d4"
"363","#9d08d4"
"364","#9d08d4"
"365","#9d08d4"
"366","#9d08d4"
"367","#9d08d4"
"368","#9d08d4"
"369","#9d08d4"
"370","#9d08d4"
"371","#9d08d4"
"372","#9d08d4"
"373","#9d08d4"
"374","#9d08d4"
"375","#9d08d4"
"376","#9d08d4"
"377","#9d08d4"
"378","#9d08d4"
"379","#9d08d4"
"380","#9d08d4"
"381","#9d08d4"
"382","#9d08d4"
"383","#9d08d4"
"384","#9d08d4"
"385","#9d08d4"
"386","#9d08d4"
"387","#9d08d4"
"388","#9d08d4"
"389","#9d08d4"
"390","#9d08d4"
"391","#9d08d4"
"392","#9d08d4"
"393","#9d08d4"
"394","#9d08d4"
"395","#9d08d4"
"396","#9d08d4"
"397","#9d08d4"
"398","#9d08d4"
"399","#9d08d4"
"400","#9d08d4"
"401","#e0efd7"
"402","#e0efd7"
"403","#e0efd7"
"404","#e0efd7"
"405","#e0efd7"
"406","#e0efd7"
"407","#e0efd7"
"408","#e0efd7"
"409","#e0efd7"
"410","#e0efd7"
"411","#e0efd7"
"412","#e0efd7"
"413","#e0efd7"
"414","#e0efd7"
"415","#e0efd7"
"416","#e0efd7"
"417","#e0efd7"
"418","#e0efd7"
"419","#e0efd7"
"420","#e0efd7"
"421","#e0efd7"
"422","#e0efd7"
"423","#e0efd7"
"424","#e0efd7"
"425","#e0efd7"
"426","#e0efd7"
"427","#e0efd7"
"428","#e0efd7"
"429","#e0efd7"
"430","#e0efd7"
"431","#e0efd7"
"432","#e0efd7"
"433","#e0efd7"
"434","#e0efd7"
"435","#e0efd7"
"436","#e0efd7"
"437","#e0efd7"
"438","#e0efd7"
"439","#e0efd7"
"440","#e0efd7"
"441","#e0efd7"
"442","#e0efd7"
"443","#e0efd7"
"444","#e0efd7"
"445","#e0efd7"
"446","#e0efd7"
"447","#e0efd7"
"448","#e0efd7"
"449","#e0efd7"
"450","#e0efd7"
"451","#9be9db"
"452","#9be9db"
"453","#9be9db"
"454","#9be9db"
"455","#9be9db"
"456","#9be9db"
"457","#9be9db"
"458","#9be9db"
"459","#9be9db"
"460","#9be9db"
"461","#9be9db"
"462","#9be9db"
"463","#9be9db"
"464","#9be9db"
"465","#9be9db"
"466","#9be9db"
"467","#9be9db"
"468","#9be9db"
"469","#9be9db"
"470","#9be9db"
"471","#9be9db"
"472","#9be9db"
"473","#9be9db"
"474","#9be9db"
"475","#9be9db"
"476","#9be9db"
"477","#9be9db"
"478","#9be9db"
"479","#9be9db"
"480","#9be9db"
"481","#9be9db"
"482","#9be9db"
"483","#9be9db"
"484","#9be9db"
"485","#9be9db"
"486","#9be9db"
"487","#9be9db"
"488","#9be9db"
"489","#9be9db"
"490","#9be9db"
"491","#9be9db"
"492","#9be9db"
"493","#9be9db"
"494","#9be9db"
"495","#9be9db"
"496","#9be9db"
"497","#9be9db"
"498","#9be9db"
"499","#9be9db"
"500","#9be9db"
"501","#da6b52"
"502","#da6b52"
"503","#da6b52"
"504","#da6b52"
"505","#da6b52"
"506","#da6b52"
"507","#da6b52"
"508","#da6b52"
"509","#da6b52"
"510","#da6b52"
"511","#da6b52"
"512","#da6b52"
"513","#da6b52"
"514","#da6b52"
"515","#da6b52"
"516","#da6b52"
"517","#da6b52"
"518","#da6b52"
"519","#da6b52"
"520","#da6b52"
"521","#da6b52"
"522","#da6b52"
"523","#da6b52"
"524","#da6b52"
"525","#da6b52"
"526","#da6b52"
"527","#da6b52"
"528","#da6b52"
"529","#da6b52"
"530","#da6b52"
"531","#da6b52"
"532","#da6b52"
"533","#da6b52"
"534","#da6b52"
"535","#da6b52"
"536","#da6b52"
"537","#da6b52"
"538","#da6b52"
"539","#da6b52"
"540","#da6b52"
"541","#da6b52"
"542","#da6b52"
"543","#da6b52"
"544","#da6b52"
"545","#da6b52"
"546","#da6b52"
"547","#da6b52"
"548","#da6b52"
"549","#da6b52"
"550","#da6b52"
"551","#9472cb"
"552","#9472cb"
"553","#9472cb"
"554","#9472cb"
"555","#9472cb"
"556","#9472cb"
"557","#9472cb"
"558","#9472cb"
"559","#9472cb"
"560","#9472cb"
"561","#9472cb"
"562","#9472cb"
"563","#9472cb"
"564","#9472cb"
"565","#9472cb"
"566","#9472cb"
"567","#9472cb"
"568","#9472cb"
"569","#9472cb"
"570","#9472cb"
"571","#9472cb"
"572","#9472cb"
"573","#9472cb"
"574","#9472cb"
"575","#9472cb"
"576","#9472cb"
"577","#9472cb"
"578","#9472cb"
"579","#9472cb"
"580","#9472cb"
"581","#9472cb"
"582","#9472cb"
"583","#9472cb"
"584","#9472cb"
"585","#9472cb"
"586","#9472cb"
"587","#9472cb"
"588","#9472cb"
"589","#9472cb"
"590","#9472cb"
"591","#9472cb"
"592","#9472cb"
"593","#9472cb"
"594","#9472cb"
"595","#9472cb"
"596","#9472cb"
"597","#9472cb"
"598","#9472cb"
"599","#9472cb"
"600","#9472cb"
"601","#5a3635"
"602","#5a3635"
"603","#5a3635"
"604","#5a3635"
"605","#5a3635"
"606","#5a3635"
"607","#5a3635"
"608","#5a3635"
"609","#5a3635"
"610","#5a3635"
"611","#5a3635"
"612","#5a3635"
"613","#5a3635"
"614","#5a3635"
"615","#5a3635"
"616","#5a3635"
"617","#5a3635"
"618","#5a3635"
"619","#5a3635"
"620","#5a3635"
"621","#5a3635"
"622","#5a3635"
"623","#5a3635"
"624","#5a3635"
"625","#5a3635"
"626","#5a3635"
"627","#5a3635"
"628","#5a3635"
"629","#5a3635"
"630","#5a3635"
"631","#5a3635"
"632","#5a3635"
"633","#5a3635"
"634","#5a3635"
"635","#5a3635"
"636","#5a3635"
"637","#5a3635"
"638","#5a3635"
"639","#5a3635"
"640","#5a3635"
"641","#5a3635"
"642","#5a3635"
"643","#5a3635"
"644","#5a3635"
"645","#5a3635"
"646","#5a3635"
"647","#5a3635"
"648","#5a3635"
"649","#5a3635"
"650","#5a3635"
"651","#030705"
"652","#030705"
"653","#030705"
"654","#030705"
"655","#030705"
"656","#030705"
"657","#030705"
"658","#030705"
"659","#030705"
"660","#030705"
"661","#030705"
"662","#030705"
"663","#030705"
"664","#030705"
"665","#030705"
"666","#030705"
"667","#030705"
"668","#030705"
"669","#030705"
"670","#030705"
"671","#030705"
"672","#030705"
"673","#030705"
"674","#030705"
"675","#030705"
"676","#030705"
"677","#030705"
"678","#030705"
"679","#030705"
"680","#030705"
"681","#030705"
"682","#030705"
"683","#030705"
"684","#030705"
"685","#030705"
"686","#030705"
"687","#030705"
"688","#030705"
"689","#030705"
"690","#030705"
"691","#030705"
"692","#030705"
"693","#030705"
"694","#030705"
"695","#030705"
"696","#030705"
"697","#030705"
"698","#030705"
"699","#030705"
"700","#030705"
"701","#000000"
"702","#000000"
"703","#000000"
"704","#000000"
"705","#000000"
"706","#000000"
"707","#000000"
"708","#000000"
"709","#000000"
"710","#000000"
"711","#000000"
"712","#000000"
"713","#000000"
"714","#000000"
"715","#000000"
"716","#000000"
"717","#000000"
"718","#000000"
"719","#000000"
"720","#000000"
"721","#000000"
"722","#000000"
"723","#000000"
"724","#000000"
"725","#000000"
"726","#000000"
"727","#000000"
"728","#000000"
"729","#000000"
"730","#000000"
"731","#000000"
"732","#000000"
"733","#000000"
"734","#000000"
"735","#000000"
"736","#000000"
"737","#000000"
"738","#000000"
"739","#000000"
"740","#000000"
"741","#000000"
"742","#000000"
"743","#000000"
"744","#000000"
"745","#000000"
"746","#000000"
"747","#000000"
"748","#000000"
"749","#000000"
"750","#000000"
"751","#d4e2dc"
"752","#d4e2dc"
"753","#d4e2dc"
"754","#d4e2dc"
"755","#d4e2dc"
"756","#d4e2dc"
"757","#d4e2dc"
"758","#d4e2dc"
"759","#d4e2dc"
"760","#d4e2dc"
"761","#d4e2dc"
"762","#d4e2dc"
"763","#d4e2dc"
"764","#d4e2dc"
"765","#d4e2dc"
"766","#d4e2dc"
"767","#d4e2dc"
"768","#d4e2dc"
"769","#d4e2dc"
"770","#d4e2dc"
"771","#d4e2dc"
"772","#d4e2dc"
"773","#d4e2dc"
"774","#d4e2dc"
"775","#d4e2dc"
"776","#d4e2dc"
"777","#d4e2dc"
"778","#d4e2dc"
"779","#d4e2dc"
"780","#d4e2dc"
"781","#d4e2dc"
"782","#d4e2dc"
"783","#d4e2dc"
"784","#d4e2dc"
"785","#d4e2dc"
"786","#d4e2dc"
"787","#d4e2dc"
"788","#d4e2dc"
"789","#d4e2dc"
"790","#d4e2dc"
"791","#d4e2dc"
"792","#d4e2dc"
"793","#d4e2dc"
"794","#d4e2dc"
"795","#d4e2dc"
"796","#d4e2dc"
"797","#d4e2dc"
"798","#d4e2dc"
"799","#d4e2dc"
"800","#d4e2dc"
"801","#8849d4"
"802","#8849d4"
"803","#8849d4"
"804","#8849d4"
"805","#8849d4"
"806","#8849d4"
"807","#8849d4"
"808","#8849d4"
"809","#8849d4"
"810","#8849d4"
"811","#8849d4"
"812","#8849d4"
"813","#8849d4"
"814","#8849d4"
"815","#8849d4"
"816","#8849d4"
"817","#8849d4"
"818","#8849d4"
"819","#8849d4"
"820","#8849d4"
"821","#8849d4"
"822","#8849d4"
"823","#8849d4"
"824","#8849d4"
"825","#8849d4"
"826","#8849d4"
"827","#8849d4"
"828","#8849d4"
"829","#8849d4"
"830","#8849d4"
"831","#8849d4"
"832","#8849d4"
"833","#8849d4"
"834","#8849d4"
"835","#8849d4"
"836","#8849d4"
"837","#8849d4"
"838","#8849d4"
"839","#8849d4"
"840","#8849d4"
"841","#8849d4"
"842","#8849d4"
"843","#8849d4"
"844","#8849d4"
"845","#8849d4"
"846","#8849d4"
"847","#8849d4"
"848","#8849d4"
"849","#8849d4"
"850","#8849d4"
"851","#c1aeea"
"852","#c1aeea"
"853","#c1aeea"
"854","#c1aeea"
"855","#c1aeea"
"856","#c1aeea"
"857","#c1aeea"
"858","#c1aeea"
"859","#c1aeea"
"860","#c1aeea"
"861","#c1aeea"
"862","#c1aeea"
"863","#c1aeea"
"864","#c1aeea"
"865","#c1aeea"
"866","#c1aeea"
"867","#c1aeea"
"868","#c1aeea"
"869","#c1aeea"
"870","#c1aeea"
"871","#c1aeea"
"872","#c1aeea"
"873","#c1aeea"
"874","#c1aeea"
"875","#c1aeea"
"876","#c1aeea"
"877","#c1aeea"
"878","#c1aeea"
"879","#c1aeea"
"880","#c1aeea"
"881","#c1aeea"
"882","#c1aeea"
"883","#c1aeea"
"884","#c1aeea"
"885","#c1aeea"
"886","#c1aeea"
"887","#c1aeea"
"888","#c1aeea"
"889","#c1aeea"
"890","#c1aeea"
"891","#c1aeea"
"892","#c1aeea"
"893","#c1aeea"
"894","#c1aeea"
"895","#c1aeea"
"896","#c1aeea"
"897","#c1aeea"
"898","#c1aeea"
"899","#c1aeea"
"900","#c1aeea"
"901","#325e81"
"902","#325e81"
"903","#325e81"
"904","#325e81"
"905","#325e81"
"906","#325e81"
"907","#325e81"
"908","#325e81"
"909","#325e81"
"910","#325e81"
"911","#325e81"
"912","#325e81"
"913","#325e81"
"914","#325e81"
"915","#325e81"
"916","#325e81"
"917","#325e81"
"918","#325e81"
"919","#325e81"
"920","#325e81"
"921","#325e81"
"922","#325e81"
"923","#325e81"
"924","#325e81"
"925","#325e81"
"926","#325e81"
"927","#325e81"
"928","#325e81"
"929","#325e81"
"930","#325e81"
"931","#325e81"
"932","#325e81"
"933","#325e81"
"934","#325e81"
"935","#325e81"
"936","#325e81"
"937","#325e81"
"938","#325e81"
"939","#325e81"
"940","#325e81"
"941","#325e81"
"942","#325e81"
"943","#325e81"
"944","#325e81"
"945","#325e81"
"946","#325e81"
"947","#325e81"
"948","#325e81"
"949","#325e81"
"950","#325e81"
"951","#dde9e8"
"952","#dde9e8"
"953","#dde9e8"
"954","#dde9e8"
"955","#dde9e8"
"956","#dde9e8"
"957","#dde9e8"
"958","#dde9e8"
"959","#dde9e8"
"960","#dde9e8"
"961","#dde9e8"
"962","#dde9e8"
"963","#dde9e8"
"964","#dde9e8"
"965","#dde9e8"
"966","#dde9e8"
"967","#dde9e8"
"968","#dde9e8"
"969","#dde9e8"
"970","#dde9e8"
"971","#dde9e8"
"972","#dde9e8"
"973","#dde9e8"
"974","#dde9e8"
"975","#dde9e8"
"976","#dde9e8"
"977","#dde9e8"
"978","#dde9e8"
"979","#dde9e8"
"980","#dde9e8"
"981","#dde9e8"
"982","#dde9e8"
"983","#dde9e8"
"984","#dde9e8"
"985","#dde9e8"
"986","#dde9e8"
"987","#dde9e8"
"988","#dde9e8"
"989","#dde9e8"
"990","#dde9e8"
"991","#dde9e8"
"992","#dde9e8"
"993","#dde9e8"
"994","#dde9e8"
"995","#dde9e8"
"996","#dde9e8"
"997","#dde9e8"
"998","#dde9e8"
"999","#dde9e8"
"1000","#dde9e8"
"1001","#a1a1a1"
"1002","#a1a1a1"
"1003","#a1a1a1"
"1004","#a1a1a1"
"1005","#a1a1a1"
"1006","#a1a1a1"
"1007","#a1a1a1"
"1008","#a1a1a1"
"1009","#a1a1a1"
"1010","#a1a1a1"
"1011","#a1a1a1"
"1012","#a1a1a1"
"1013","#a1a1a1"
"1014","#a1a1a1"
"1015","#a1a1a1"
"1016","#a1a1a1"
"1017","#a1a1a1"
"1018","#a1a1a1"
"1019","#a1a1a1"
"1020","#a1a1a1"
"1021","#a1a1a1"
"1022","#a1a1a1"
"1023","#a1a1a1"
"1024","#a1a1a1"
"1025","#a1a1a1"
"1026","#a1a1a1"
"1027","#a1a1a1"
"1028","#a1a1a1"
"1029","#a1a1a1"
"1030","#a1a1a1"
"1031","#a1a1a1"
"1032","#a1a1a1"
"1033","#a1a1a1"
"1034","#a1a1a1"
"1035","#a1a1a1"
"1036","#a1a1a1"
"1037","#a1a1a1"
"1038","#a1a1a1"
"1039","#a1a1a1"
"1040","#a1a1a1"
"1041","#a1a1a1"
"1042","#a1a1a1"
"1043","#a1a1a1"
"1044","#a1a1a1"
"1045","#a1a1a1"
"1046","#a1a1a1"
"1047","#a1a1a1"
"1048","#a1a1a1"
"1049","#a1a1a1"
"1050","#a1a1a1"
"1051","#280146"
"1052","#280146"
"1053","#280146"
"1054","#280146"
"1055","#280146"
"1056","#280146"
"1057","#280146"
"1058","#280146"
"1059","#280146"
"1060","#280146"
"1061","#280146"
"1062","#280146"
"1063","#280146"
"1064","#280146"
"1065","#280146"
"1066","#280146"
"1067","#280146"
"1068","#280146"
"1069","#280146"
"1070","#280146"
"1071","#280146"
"1072","#280146"
"1073","#280146"
"1074","#280146"
"1075","#280146"
"1076","#280146"
"1077","#280146"
"1078","#280146"
"1079","#280146"
"1080","#280146"
"1081","#280146"
"1082","#280146"
"1083","#280146"
"1084","#280146"
"1085","#280146"
"1086","#280146"
"1087","#280146"
"1088","#280146"
"1089","#280146"
"1090","#280146"
"1091","#280146"
"1092","#280146"
"1093","#280146"
"1094","#280146"
"1095","#280146"
"1096","#280146"
"1097","#280146"
"1098","#280146"
"1099","#280146"
"1100","#280146"
"1101","#fdfcfc"
"1102","#fdfcfc"
"1103","#fdfcfc"
"1104","#fdfcfc"
"1105","#fdfcfc"
"1106","#fdfcfc"
"1107","#fdfcfc"
"1108","#fdfcfc"
"1109","#fdfcfc"
"1110","#fdfcfc"
"1111","#fdfcfc"
"1112","#fdfcfc"
"1113","#fdfcfc"
"1114","#fdfcfc"
"1115","#fdfcfc"
"1116","#fdfcfc"
"1117","#fdfcfc"
"1118","#fdfcfc"
"1119","#fdfcfc"
"1120","#fdfcfc"
"1121","#fdfcfc"
"1122","#fdfcfc"
"1123","#fdfcfc"
"1124","#fdfcfc"
"1125","#fdfcfc"
"1126","#fdfcfc"
"1127","#fdfcfc"
"1128","#fdfcfc"
"1129","#fdfcfc"
"1130","#fdfcfc"
"1131","#fdfcfc"
"1132","#fdfcfc"
"1133","#fdfcfc"
"1134","#fdfcfc"
"1135","#fdfcfc"
"1136","#fdfcfc"
"1137","#fdfcfc"
"1138","#fdfcfc"
"1139","#fdfcfc"
"1140","#fdfcfc"
"1141","#fdfcfc"
"1142","#fdfcfc"
"1143","#fdfcfc"
"1144","#fdfcfc"
"1145","#fdfcfc"
"1146","#fdfcfc"
"1147","#fdfcfc"
"1148","#fdfcfc"
"1149","#fdfcfc"
"1150","#fdfcfc"
